MiniLab	4/18/2025	1:30:03 PM	

Time (sec)	T1 (C)	T2 (C)	T3 (C)	T4 (C)	P1 (psig)	P2 (psig)	P3 (psig)	P4 (psig)	Fuel Flow  (gal/hr)	RPM	Thrust (lbs)
6391.059	71.044	92.820	148.604	74.207	-0.002	0.068	0.046	-0.015	0.002	13.411	0.940
6392.059	70.852	92.816	148.542	74.022	-0.002	0.067	0.046	-0.015	0.002	11.688	0.840
6393.059	70.678	92.747	147.690	74.256	-0.002	0.068	0.047	-0.015	0.002	10.418	0.895
6394.059	70.527	92.733	148.057	73.928	-0.002	0.066	0.046	-0.015	0.002	10.029	0.752
6395.060	70.330	92.663	147.950	74.164	-0.002	0.068	0.046	-0.015	0.002	9.147	0.731
6396.060	70.147	92.646	147.468	74.393	-0.002	0.067	0.046	-0.015	0.002	11.955	0.789
6397.061	69.951	92.589	147.671	74.295	-0.002	0.069	0.047	-0.015	0.002	11.429	0.786
6398.061	69.785	92.521	147.375	73.887	-0.002	0.068	0.045	-0.015	0.002	10.215	0.633
6399.060	69.649	92.533	147.149	74.583	-0.002	0.067	0.045	-0.015	0.002	11.292	0.608
6400.060	69.468	92.450	147.001	74.819	-0.002	0.067	0.046	-0.015	0.002	11.389	0.572
6401.060	69.282	92.389	147.152	73.962	-0.002	0.067	0.044	-0.015	0.002	10.345	0.517
6402.060	69.121	92.354	146.620	74.634	-0.002	0.068	0.047	-0.015	0.002	11.777	0.490
6403.060	68.998	92.369	146.515	74.526	-0.002	0.069	0.045	-0.015	0.002	11.753	0.532
6404.060	68.836	92.296	146.647	74.418	-0.002	0.067	0.046	-0.015	0.002	10.353	0.408
6405.060	68.670	92.248	146.816	74.323	-0.002	0.068	0.046	-0.015	0.002	11.915	0.419
6406.060	68.534	92.199	146.189	74.657	-0.002	0.067	0.045	-0.015	0.002	10.927	0.430
6407.060	68.425	92.215	146.194	74.688	-0.002	0.069	0.046	-0.015	0.002	12.424	0.490
6408.060	68.310	92.151	146.233	74.668	-0.002	0.067	0.046	-0.015	0.002	10.596	0.371
6409.060	68.243	92.098	145.898	74.845	-0.002	0.068	0.047	-0.014	0.002	11.170	0.303
6410.060	68.308	92.068	145.553	74.876	-0.002	0.067	0.046	-0.015	0.002	12.821	0.321
6411.060	68.254	92.017	145.516	75.297	-0.002	0.068	0.046	-0.015	0.002	10.304	0.226
6412.060	68.262	92.027	145.934	74.487	-0.002	0.069	0.046	-0.015	0.002	11.639	0.345
6413.060	68.339	91.966	145.702	74.766	-0.002	0.068	0.045	-0.015	0.002	11.122	0.165
6414.060	68.502	91.976	145.587	75.051	-0.002	0.068	0.046	-0.014	0.002	10.539	0.187
6415.061	68.861	91.908	146.123	75.301	-0.002	0.066	0.046	-0.015	0.002	11.259	0.116
6416.060	69.280	91.957	146.192	75.047	-0.002	0.070	0.044	-0.015	0.002	11.170	-0.019
6417.061	69.589	92.019	146.295	74.799	-0.002	0.067	0.046	-0.015	0.002	11.753	0.100
6418.061	69.796	91.977	146.319	74.522	-0.002	0.067	0.047	-0.014	0.002	11.591	-0.030
6419.061	69.873	91.983	146.571	74.685	-0.002	0.068	0.047	-0.015	0.002	8.848	0.079
6420.061	69.925	91.993	146.363	74.872	-0.002	0.068	0.046	-0.015	0.002	10.353	-0.005
6421.061	69.911	91.997	145.967	74.763	-0.002	0.068	0.046	-0.014	0.002	9.940	-0.052
6422.061	69.898	91.952	145.517	74.631	-0.002	0.069	0.047	-0.015	0.002	10.062	-0.108
6423.061	69.819	91.937	145.431	75.105	-0.002	0.066	0.046	-0.015	0.002	11.575	-0.124
6424.061	69.746	91.963	145.512	74.350	-0.002	0.068	0.047	-0.015	0.002	11.162	-1.979
6425.061	69.631	91.945	145.096	74.057	-0.002	0.067	0.046	-0.015	0.002	10.733	-1.403
6426.061	69.497	91.901	145.322	74.270	-0.002	0.068	0.046	-0.015	0.002	11.041	-1.424
6427.061	69.383	91.860	144.669	74.896	-0.002	0.067	0.046	-0.015	0.002	11.016	-1.450
6428.061	69.303	91.898	144.864	74.029	-0.002	0.067	0.047	-0.015	0.002	9.997	-1.417
6429.061	69.152	91.849	144.670	74.419	-0.002	0.068	0.047	-0.015	0.002	9.261	-1.361
6430.061	69.115	91.839	144.603	74.229	-0.002	0.068	0.047	-0.015	0.002	9.738	-1.335
6431.062	69.043	91.805	144.534	74.520	-0.002	0.068	0.048	-0.015	0.002	11.324	-1.338
6432.061	69.026	91.817	144.574	74.517	-0.002	0.068	0.046	-0.015	0.002	11.898	-1.215
6433.061	68.993	91.767	144.109	75.179	-0.002	0.067	0.047	-0.015	0.002	12.141	-1.261
6434.061	68.973	91.800	144.245	74.473	-0.002	0.069	0.048	-0.015	0.002	11.413	-1.378
6435.061	68.899	91.736	143.342	74.284	-0.002	0.069	0.046	-0.015	0.002	10.256	-1.393
6436.061	68.780	91.744	143.337	74.408	-0.002	0.071	0.046	-0.015	0.002	10.790	-1.335
6437.061	68.736	91.757	143.814	74.622	-0.002	0.069	0.048	-0.015	0.002	10.652	-1.425
6438.061	68.604	91.722	143.858	74.329	-0.002	0.069	0.047	-0.015	0.002	11.518	-1.285
6439.062	68.521	91.694	144.182	74.543	-0.002	0.068	0.045	-0.015	0.002	11.453	-1.513
6440.062	68.437	91.700	143.248	74.708	-0.002	0.069	0.046	-0.015	0.002	10.458	-1.488
6441.062	68.408	91.661	142.946	74.319	-0.002	0.067	0.048	-0.015	0.002	10.539	-1.391
6442.062	68.425	91.644	143.053	74.432	-0.002	0.069	0.045	-0.015	0.002	11.025	-1.470
6443.062	68.450	91.613	143.476	74.585	-0.002	0.068	0.047	-0.015	0.002	11.292	-1.499
6444.062	68.431	91.574	143.044	74.170	-0.002	0.067	0.048	-0.015	0.002	11.429	-1.549
6445.062	68.526	91.588	143.007	74.528	-0.002	0.068	0.047	-0.015	0.002	10.677	-1.595
6446.063	68.692	91.565	143.368	74.637	-0.002	0.068	0.048	-0.014	0.002	11.016	-1.536
6447.063	69.023	91.571	143.276	74.400	-0.002	0.069	0.046	-0.014	0.002	10.976	-1.472
6448.063	69.433	91.504	144.066	74.213	-0.002	0.069	0.046	-0.014	0.002	10.466	-1.562
6449.063	69.817	91.528	143.936	74.340	-0.002	0.068	0.048	-0.014	0.002	11.607	-1.560
6450.063	70.171	91.521	143.571	74.201	-0.002	0.068	0.047	-0.014	0.002	11.534	-1.647
6451.063	70.555	91.537	144.216	73.891	-0.002	0.069	0.048	-0.014	0.002	10.458	-1.620
6452.063	70.931	91.529	144.283	74.212	-0.002	0.068	0.046	-0.015	0.002	10.102	-1.598
6453.063	71.325	91.532	144.689	74.203	-0.002	0.066	0.048	-0.014	0.002	10.701	-1.623
6454.063	71.584	91.511	144.705	74.010	-0.002	0.067	0.047	-0.014	0.002	10.183	-1.656
6455.063	71.728	91.514	144.271	73.704	-0.002	0.067	0.047	-0.015	0.002	11.203	-1.648
6456.063	71.804	91.479	143.811	73.585	-0.002	0.068	0.047	-0.015	0.002	9.851	-1.795
6457.063	71.813	91.511	143.505	73.833	-0.002	0.067	0.047	-0.015	0.002	10.806	-1.684
6458.063	71.806	91.493	143.851	73.169	-0.002	0.067	0.045	-0.015	0.002	12.012	-1.778
6459.063	71.748	91.441	143.904	73.727	-0.002	0.068	0.047	-0.015	0.002	10.774	-1.851
6460.063	71.711	91.469	143.301	73.760	-0.002	0.069	0.047	-0.015	0.002	10.102	-1.821
6461.063	71.643	91.457	143.327	73.056	-0.002	0.068	0.048	-0.015	0.002	10.094	-1.847
6462.063	71.542	91.470	142.860	72.999	-0.002	0.068	0.048	-0.015	0.002	10.669	-1.745
6463.063	71.475	91.413	143.451	72.924	-0.002	0.068	0.046	-0.015	0.002	11.097	-1.799
6464.063	71.396	91.390	142.613	73.733	-0.002	0.067	0.047	-0.015	0.002	11.656	-1.821
6465.063	71.356	91.383	142.309	73.066	-0.002	0.069	0.047	-0.015	0.002	10.062	-1.904
6466.063	71.291	91.377	142.504	73.485	-0.002	0.068	0.047	-0.015	0.002	9.932	-1.835
6467.063	71.229	91.395	142.174	73.060	-0.002	0.066	0.047	-0.015	0.002	11.486	-1.792
6468.063	71.182	91.444	142.595	73.220	-0.002	0.068	0.047	-0.015	0.002	11.372	-1.688
6469.063	71.112	91.421	141.760	73.090	-0.002	0.067	0.046	-0.015	0.002	10.539	-1.875
6470.063	71.116	91.398	141.845	73.099	-0.002	0.067	0.048	-0.015	0.002	12.141	-1.792
6471.063	71.025	91.422	141.935	73.525	-0.002	0.068	0.047	-0.015	0.002	11.049	-1.842
6472.063	70.968	91.432	141.483	73.126	-0.002	0.068	0.046	-0.015	0.002	11.518	-1.734
6473.063	70.962	91.415	141.621	72.502	-0.002	0.068	0.047	-0.015	0.002	9.528	-1.848
6474.063	70.890	91.409	141.679	72.668	-0.002	0.069	0.047	-0.014	0.002	10.118	-1.962
6475.063	70.871	91.440	141.552	72.967	-0.002	0.070	0.047	-0.015	0.002	9.778	-1.887
6476.063	70.826	91.421	141.453	72.647	-0.002	0.070	0.048	-0.015	0.002	11.858	-1.805
6477.063	70.773	91.434	141.302	72.237	-0.002	0.071	0.047	-0.015	0.002	11.243	-1.903
6478.063	70.719	91.413	140.907	72.462	-0.002	0.069	0.048	-0.015	0.002	10.515	-1.883
6479.063	70.698	91.424	140.727	72.378	-0.002	0.070	0.048	-0.015	0.002	10.830	-1.916
6480.063	70.645	91.407	141.016	72.519	-0.002	0.070	0.047	-0.015	0.002	9.058	-2.007
6481.063	70.600	91.435	140.798	72.922	-0.002	0.069	0.048	-0.015	0.002	9.196	-1.815
6482.063	70.541	91.414	140.554	72.819	-0.002	0.067	0.048	-0.015	0.002	11.073	-1.926
6483.063	70.504	91.431	140.614	72.456	-0.002	0.068	0.047	-0.015	0.002	9.867	-2.040
6484.063	70.480	91.442	140.345	72.534	-0.002	0.068	0.047	-0.015	0.002	10.491	-2.036
6485.063	70.401	91.457	140.200	72.157	-0.002	0.070	0.047	-0.015	0.002	11.550	-1.988
6486.063	70.308	91.390	140.269	72.363	-0.002	0.069	0.047	-0.015	0.002	10.814	-1.989
6487.063	70.274	91.407	139.911	72.935	-0.002	0.070	0.046	-0.015	0.002	10.911	-2.067
6488.063	70.243	91.448	139.889	72.578	-0.002	0.069	0.047	-0.015	0.002	11.777	-2.037
6489.063	70.250	91.370	139.965	71.805	-0.002	0.069	0.046	-0.015	0.002	11.575	-1.942
6490.063	70.300	91.357	139.738	72.684	-0.002	0.070	0.047	-0.014	0.002	10.717	-1.990
6491.063	70.402	91.357	139.952	72.128	-0.002	0.068	0.046	-0.015	0.002	11.470	-2.027
6492.063	70.520	91.384	140.460	72.902	-0.002	0.070	0.047	-0.015	0.002	9.398	-1.977
6493.063	70.745	91.370	139.844	72.012	-0.002	0.069	0.047	-0.015	0.002	10.919	-2.047
6494.063	70.917	91.316	140.035	72.740	-0.002	0.069	0.048	-0.015	0.002	10.644	-2.015
6495.063	71.049	91.351	140.219	72.798	-0.002	0.069	0.047	-0.015	0.002	11.906	-1.973
6496.063	71.117	91.290	140.276	72.502	-0.002	0.069	0.046	-0.014	0.002	9.876	-1.995
6497.063	71.122	91.286	139.921	72.225	-0.003	0.070	0.048	-0.015	0.002	11.081	-2.100
6498.063	71.132	91.279	139.705	71.799	-0.002	0.069	0.048	-0.015	0.002	11.680	-2.139
6499.063	71.105	91.249	139.436	72.322	-0.003	0.071	0.047	-0.015	0.002	10.491	-2.121
6500.063	71.061	91.282	139.716	72.136	-0.003	0.070	0.048	-0.015	0.002	10.847	-2.073
6501.063	71.040	91.277	139.650	71.819	-0.003	0.070	0.047	-0.015	0.002	9.843	-2.174
6502.063	71.014	91.256	139.550	72.588	-0.003	0.070	0.048	-0.015	0.002	10.531	-2.216
6503.063	70.921	91.265	139.245	71.866	-0.002	0.069	0.047	-0.015	0.002	10.426	-2.216
6504.063	70.867	91.209	138.939	71.103	-0.002	0.069	0.047	-0.015	0.002	11.016	-2.185
6505.063	70.850	91.217	138.843	71.378	-0.002	0.069	0.047	-0.015	0.002	11.809	-2.169
6506.063	70.789	91.179	138.914	71.809	-0.002	0.070	0.047	-0.015	0.002	10.588	-2.156
6507.063	70.775	91.193	138.808	72.409	-0.002	0.071	0.048	-0.015	0.002	11.931	-2.158
6508.063	70.725	91.210	138.593	71.717	-0.002	0.069	0.047	-0.015	0.002	11.963	-2.131
6509.063	70.643	91.207	138.802	71.647	-0.002	0.070	0.047	-0.015	0.002	9.609	-2.263
6510.063	70.623	91.194	138.732	71.553	-0.002	0.070	0.047	-0.015	0.002	12.368	-2.059
6511.063	70.567	91.207	138.050	71.736	-0.002	0.070	0.048	-0.014	0.002	9.552	-2.136
6512.063	70.546	91.192	138.094	72.054	-0.002	0.070	0.048	-0.015	0.002	10.402	-2.152
6513.063	70.521	91.164	138.291	71.855	-0.002	0.070	0.048	-0.015	0.002	10.369	-2.112
6514.063	70.506	91.172	137.977	71.472	-0.002	0.070	0.047	-0.014	0.002	11.987	-2.084
6515.063	70.667	91.195	137.863	71.614	-0.002	0.070	0.047	-0.015	0.002	11.372	-2.083
6516.063	70.938	91.177	138.547	71.470	-0.002	0.068	0.048	-0.015	0.002	10.280	-2.122
6517.063	71.161	91.145	138.651	71.771	-0.002	0.068	0.048	-0.015	0.002	10.992	-2.126
6518.063	71.261	91.119	138.956	71.630	-0.002	0.070	0.048	-0.015	0.002	10.919	-2.178
6519.063	71.323	91.125	138.442	71.659	-0.002	0.070	0.047	-0.015	0.002	11.219	-2.117
6520.063	71.445	91.126	138.598	71.578	-0.002	0.069	0.048	-0.015	0.002	11.429	-2.143
6521.063	71.620	91.096	138.938	71.676	-0.002	0.070	0.048	-0.015	0.002	10.329	-2.141
6522.063	71.875	91.089	139.092	71.549	-0.002	0.070	0.048	-0.015	0.002	11.607	-2.130
6523.063	72.138	91.079	138.879	71.915	-0.002	0.070	0.048	-0.015	0.002	11.041	-2.084
6524.063	72.364	91.030	138.971	70.969	-0.002	0.070	0.049	-0.015	0.002	10.798	-2.100
6525.063	72.687	91.038	139.490	70.872	-0.002	0.070	0.048	-0.014	0.002	9.358	-2.141
6526.063	73.065	91.024	139.365	70.899	-0.003	0.071	0.049	-0.014	0.002	11.801	-2.167
6527.063	73.437	90.991	139.427	70.912	-0.003	0.069	0.048	-0.015	0.002	11.494	-2.179
6528.063	73.909	91.050	139.348	70.812	-0.003	0.070	0.048	-0.014	0.002	11.283	-2.188
6529.063	74.274	90.976	139.522	71.160	-0.003	0.070	0.047	-0.015	0.002	10.175	-2.205
6530.063	74.585	91.011	140.213	70.469	-0.003	0.071	0.048	-0.014	0.002	12.902	-2.133
6531.063	74.868	90.947	139.874	70.685	-0.003	0.069	0.047	-0.015	0.002	11.639	-2.178
6532.063	75.157	90.947	139.658	70.072	-0.002	0.069	0.048	-0.015	0.002	11.186	-2.046
6533.063	75.306	90.915	139.844	70.680	-0.002	0.070	0.047	-0.014	0.002	10.992	-2.168
6534.063	75.474	91.180	139.464	71.435	-0.006	0.072	0.054	-0.014	0.002	11.025	-2.228
6535.063	74.958	90.987	140.421	71.350	-0.007	0.100	0.076	-0.014	0.002	3271.188	-2.083
6536.063	73.616	90.564	140.539	71.790	-0.006	0.143	0.120	-0.010	0.002	5909.857	-2.179
6537.063	72.004	89.293	139.479	71.114	-0.007	0.208	0.183	-0.004	0.002	7688.479	-2.212
6538.063	69.550	87.706	137.798	72.605	0.007	0.278	0.253	0.004	0.002	9610.008	-2.297
6539.063	66.540	86.095	135.509	73.919	0.009	0.347	0.323	0.013	10.083	11465.359	-1.819
6540.063	63.452	84.124	133.466	75.028	0.010	0.400	0.376	0.017	10.084	12843.083	-1.993
6541.063	60.286	82.490	158.952	77.385	0.027	0.780	0.756	0.044	10.083	14187.262	-1.727
6542.063	57.182	81.197	251.250	85.470	0.044	1.207	1.181	0.074	10.084	17851.684	-1.288
6543.063	53.824	79.643	377.352	97.932	0.063	1.887	1.869	0.130	7.482	22227.616	-0.819
6544.063	50.665	78.136	487.836	119.971	0.101	2.990	2.974	0.218	10.083	27974.801	-0.103
6545.063	47.164	77.308	572.642	152.349	0.075	4.592	4.595	0.337	2.854	35171.306	0.434
6546.063	44.297	77.433	618.298	190.047	0.130	6.433	6.455	0.523	1.775	42555.593	1.190
6547.063	41.032	79.396	614.948	226.436	0.178	7.387	7.406	0.579	0.721	46722.466	1.584
6548.063	38.138	82.098	608.378	256.078	0.186	7.121	7.123	0.563	0.822	48639.492	1.625
6549.063	35.693	83.905	605.647	279.952	0.185	6.844	6.836	0.545	0.822	48065.045	1.551
6550.063	33.667	84.257	603.694	298.822	0.180	6.631	6.623	0.503	0.802	47151.482	1.444
6551.063	32.038	84.021	603.795	316.007	0.171	6.510	6.509	0.495	0.682	46494.498	1.359
6552.063	30.778	83.398	604.827	330.836	0.169	6.422	6.417	0.488	0.612	46090.790	1.407
6553.063	29.706	82.760	606.712	345.119	0.166	6.368	6.362	0.487	0.743	45831.801	1.301
6554.063	28.912	82.147	608.867	357.621	0.168	6.326	6.315	0.486	0.756	45647.760	1.485
6555.063	28.250	81.598	610.520	368.919	0.159	6.307	6.300	0.482	0.892	45578.961	1.336
6556.063	27.732	81.124	612.200	380.213	0.164	6.340	6.333	0.488	0.902	45505.445	1.436
6557.063	27.264	80.696	612.439	391.071	0.167	6.362	6.359	0.490	0.792	45519.370	1.407
6558.063	26.832	80.369	611.576	401.016	0.169	6.386	6.366	0.492	0.892	45553.911	1.600
6559.063	26.536	80.033	610.864	410.147	0.167	6.383	6.362	0.490	0.792	45594.811	1.664
6560.064	26.301	79.752	610.233	419.246	0.163	6.431	6.431	0.495	0.795	45600.637	1.669
6561.063	26.058	79.565	609.693	426.923	0.171	6.508	6.504	0.502	0.952	45806.694	1.563
6562.063	25.838	79.376	608.918	434.728	0.171	6.443	6.421	0.500	0.902	46017.315	1.633
6563.063	25.675	79.184	607.699	441.893	0.166	6.416	6.408	0.500	0.792	45823.346	1.680
6564.063	25.528	78.941	605.463	447.979	0.167	6.403	6.393	0.498	0.862	45765.688	1.732
6565.063	25.374	78.762	606.696	453.833	0.172	6.546	6.534	0.513	0.852	45805.108	1.706
6566.063	25.209	78.652	608.049	459.802	0.169	6.653	6.642	0.518	0.882	46270.867	1.780
6567.063	25.077	78.609	608.134	464.796	0.175	6.709	6.712	0.527	1.018	46469.901	1.837
6568.063	24.965	78.677	606.159	470.780	0.175	6.750	6.733	0.532	1.002	46629.660	1.958
6569.063	24.888	78.778	605.001	476.350	0.174	6.829	6.825	0.533	1.002	46754.822	1.977
6570.063	24.825	78.821	603.094	480.887	0.171	6.871	6.868	0.541	1.012	46915.901	2.063
6571.064	24.774	78.897	601.925	485.376	0.172	6.932	6.930	0.547	0.952	47062.812	2.114
6572.064	24.761	78.938	599.237	490.710	0.167	6.960	6.953	0.548	0.982	47133.099	2.255
6573.065	24.690	79.073	596.906	494.025	0.180	6.995	6.975	0.550	1.052	47278.198	2.072
6574.064	24.631	79.089	595.498	497.657	0.179	7.063	7.060	0.556	0.969	47411.330	2.082
6575.064	24.602	79.135	593.748	501.809	0.185	7.112	7.102	0.560	0.902	47563.467	2.200
6576.065	24.530	79.195	592.282	505.476	0.191	7.148	7.148	0.566	0.982	47740.550	2.124
6577.066	24.350	79.232	591.340	508.476	0.189	7.223	7.216	0.570	0.992	47919.874	2.102
6578.066	24.229	79.272	590.736	511.978	0.192	7.279	7.263	0.574	0.912	48102.572	2.264
6579.066	24.146	79.454	589.326	514.924	0.189	7.328	7.319	0.579	1.092	48241.505	2.241
6580.066	24.085	79.599	589.296	516.913	0.191	7.382	7.376	0.585	1.112	48372.185	2.222
6581.066	23.996	79.797	589.096	519.266	0.193	7.438	7.434	0.591	1.139	48508.448	2.169
6582.067	23.938	79.937	588.480	520.932	0.199	7.512	7.501	0.599	1.162	48701.713	2.253
6583.066	23.832	80.154	588.961	523.019	0.201	7.565	7.561	0.600	1.152	48878.189	2.412
6584.067	23.783	80.288	589.333	525.224	0.206	7.635	7.636	0.607	1.102	49025.723	2.266
6585.067	23.662	80.487	590.796	526.898	0.206	7.736	7.737	0.615	1.152	49293.580	2.345
6586.067	23.598	80.750	592.634	528.403	0.205	7.821	7.819	0.626	1.152	49560.969	2.355
6587.067	23.555	80.977	594.222	529.631	0.203	7.941	7.942	0.636	1.154	49819.214	2.356
6588.067	23.496	81.413	595.890	530.879	0.216	8.102	8.099	0.647	1.194	50206.318	2.573
6589.068	23.398	81.900	597.821	531.529	0.216	8.214	8.209	0.658	1.262	50571.326	2.682
6590.068	23.395	82.364	600.989	532.991	0.217	8.253	8.254	0.667	1.293	50767.156	2.539
6591.068	23.464	82.845	603.137	533.620	0.226	8.335	8.339	0.678	1.263	50882.495	2.598
6592.068	23.463	83.190	605.169	534.242	0.229	8.532	8.531	0.692	1.243	51084.960	2.529
6593.068	23.419	83.721	610.705	535.311	0.235	8.713	8.715	0.704	1.393	51591.830	2.591
6594.068	23.359	84.300	615.401	535.545	0.237	8.772	8.783	0.717	1.396	52013.306	2.618
6595.068	23.330	84.783	619.889	535.976	0.235	8.780	8.778	0.725	1.393	52147.530	2.498
6596.068	23.298	85.145	622.711	536.031	0.233	8.805	8.812	0.725	1.393	52154.318	2.723
6597.068	23.234	85.424	623.915	536.514	0.237	8.904	8.904	0.727	1.352	52226.823	2.652
6598.068	23.218	85.756	627.073	536.792	0.247	9.043	9.051	0.746	1.433	52501.582	2.579
6599.068	23.192	86.262	630.876	538.257	0.256	9.396	9.396	0.776	1.523	53068.416	2.905
6600.068	23.167	86.969	633.383	539.095	0.260	9.566	9.570	0.792	1.543	53768.154	2.930
6601.068	23.114	87.707	634.458	539.649	0.265	9.681	9.685	0.807	1.536	54016.439	3.019
6602.068	23.128	88.389	634.657	539.292	0.269	9.809	9.822	0.823	1.553	54251.746	3.063
6603.069	23.095	89.004	634.768	540.136	0.270	9.883	9.885	0.835	1.633	54506.253	2.956
6604.069	22.979	89.566	635.663	539.522	0.268	9.967	9.971	0.842	1.693	54655.713	2.936
6605.069	22.921	90.106	636.852	539.545	0.276	10.230	10.252	0.870	1.673	54913.028	3.098
6606.069	22.834	90.867	636.999	539.157	0.281	10.404	10.421	0.893	1.803	55426.419	3.198
6607.069	22.762	91.694	638.102	538.384	0.286	10.485	10.504	0.899	1.931	55788.798	3.186
6608.069	22.775	92.448	640.355	538.127	0.288	10.548	10.572	0.904	1.951	55943.557	3.274
6609.069	22.722	93.040	642.523	536.841	0.288	10.498	10.517	0.914	2.033	56024.493	3.397
6610.069	22.725	93.473	643.602	535.574	0.291	10.676	10.702	0.950	1.973	56046.210	3.336
6611.069	22.680	93.982	645.596	534.085	0.286	10.828	10.851	0.977	2.073	56467.354	3.523
6612.069	22.648	94.581	647.291	532.693	0.294	10.974	11.014	0.981	2.093	56743.254	3.617
6613.069	22.603	95.212	648.775	532.257	0.306	11.175	11.199	0.970	2.023	56972.687	3.666
6614.069	22.529	95.910	649.899	531.828	0.318	11.278	11.321	0.997	2.122	57298.081	3.690
6615.069	22.501	96.536	650.138	531.389	0.307	11.312	11.342	1.033	2.004	57530.442	3.766
6616.069	22.470	97.063	650.072	530.330	0.316	11.313	11.336	1.058	2.123	57595.228	3.810
6617.070	22.452	97.426	649.153	529.668	0.312	11.290	11.320	1.049	2.133	57596.733	3.777
6618.070	22.467	97.799	650.547	529.311	0.307	11.410	11.434	1.046	2.023	57610.116	3.784
6619.070	22.428	98.205	650.850	528.585	0.316	11.602	11.629	1.044	2.063	57925.606	3.728
6620.070	22.387	98.765	653.240	528.962	0.322	11.813	11.842	1.074	2.083	58344.024	3.887
6621.070	22.344	99.379	656.950	528.974	0.324	11.854	11.883	1.080	2.128	58650.719	3.843
6622.070	22.341	99.836	658.387	528.664	0.316	11.827	11.853	1.084	2.113	58695.779	3.828
6623.070	22.318	100.345	658.724	528.414	0.314	11.823	11.850	1.076	2.123	58686.983	3.919
6624.071	22.304	100.701	659.460	527.229	0.329	11.809	11.834	1.082	2.103	58671.173	3.803
6625.071	22.290	100.965	659.206	526.636	0.310	11.806	11.840	1.082	2.103	58627.918	3.832
6626.071	22.276	101.142	658.664	526.222	0.320	11.786	11.820	1.083	2.123	58619.835	4.002
6627.071	22.283	101.396	660.518	526.000	0.322	12.100	12.139	1.104	2.172	58644.230	3.985
6628.071	22.267	101.926	663.939	526.265	0.341	12.207	12.242	1.121	2.284	59246.746	4.007
6629.071	22.254	102.522	666.161	525.565	0.326	12.279	12.305	1.127	2.283	59447.576	4.160
6630.071	22.209	103.033	666.764	525.668	0.350	12.265	12.300	1.122	2.323	59509.028	4.194
6631.071	22.261	103.436	666.162	524.559	0.348	12.213	12.238	1.116	2.333	59504.805	4.201
6632.071	22.258	103.673	666.039	524.528	0.341	12.294	12.322	1.125	2.273	59410.648	4.210
6633.071	22.294	103.960	667.096	524.452	0.347	12.434	12.464	1.141	2.383	59702.035	4.260
6634.071	22.347	104.393	667.295	523.828	0.344	12.441	12.480	1.143	2.358	59843.784	4.329
6635.071	22.317	104.727	666.967	524.472	0.345	12.417	12.457	1.140	2.342	59842.400	4.293
6636.071	22.319	104.965	666.767	523.903	0.357	12.400	12.428	1.148	2.363	59834.099	4.278
6637.071	22.296	105.130	667.291	524.204	0.343	12.382	12.413	1.140	2.383	59813.960	4.199
6638.071	22.273	105.242	666.642	523.522	0.343	12.359	12.386	1.140	2.333	59765.591	4.152
6639.071	22.264	105.371	666.146	523.629	0.346	12.358	12.389	1.143	2.303	59749.667	4.218
6640.071	22.225	105.488	665.760	522.313	0.338	12.362	12.396	1.136	2.293	59721.049	4.196
6641.071	22.235	105.573	665.323	523.024	0.344	12.366	12.397	1.136	2.263	59731.673	4.228
6642.071	22.222	105.693	665.991	522.583	0.346	12.348	12.372	1.139	2.343	59732.449	4.229
6643.071	22.187	105.733	664.461	521.529	0.345	12.351	12.390	1.144	2.333	59736.188	4.209
6644.071	22.173	105.829	665.666	521.390	0.349	12.351	12.390	1.134	2.402	59738.615	4.175
6645.071	22.160	105.978	665.119	521.409	0.338	12.338	12.373	1.134	2.343	59736.544	4.129
6646.072	22.222	106.007	664.721	521.464	0.328	12.332	12.370	1.131	2.363	59734.262	4.227
6647.071	22.218	106.085	664.161	521.206	0.340	12.338	12.366	1.136	2.298	59724.423	4.108
6648.071	22.209	106.162	663.768	521.205	0.337	12.349	12.380	1.143	2.300	59715.474	4.173
6649.071	22.145	106.152	662.000	521.175	0.326	11.955	11.985	1.099	2.303	59718.306	3.905
6650.071	22.153	105.669	657.116	520.418	0.323	11.212	11.228	1.011	2.163	58720.003	3.684
6651.071	22.199	104.535	649.042	519.144	0.289	10.615	10.632	0.974	1.933	57288.768	3.431
6652.071	22.149	102.897	643.616	518.944	0.272	10.085	10.100	0.909	1.883	55988.552	3.105
6653.071	22.150	101.147	635.726	518.108	0.260	9.267	9.269	0.834	1.353	54776.635	2.852
6654.071	22.225	98.667	616.316	516.930	0.208	7.610	7.612	0.662	0.679	51713.505	2.256
6655.072	22.228	95.384	593.435	516.245	0.185	7.007	7.007	0.615	0.562	48614.369	2.219
6656.071	22.323	92.301	580.642	515.301	0.176	6.690	6.680	0.584	0.692	47153.311	2.132
6657.071	22.417	89.783	577.489	516.051	0.169	6.557	6.550	0.572	0.532	46508.787	1.847
6658.071	22.433	87.900	576.883	516.722	0.165	6.466	6.453	0.551	0.752	46178.021	1.844
6659.071	22.538	86.248	565.409	517.831	0.130	3.711	3.694	0.381	-0.050	45891.505	0.512
6660.071	22.622	82.489	518.461	509.537	0.072	2.202	2.184	0.241	-0.051	36636.764	-0.079
6661.071	22.734	78.214	476.291	498.774	0.043	1.471	1.452	0.152	-0.051	28798.090	-0.797
6662.071	22.915	74.756	441.203	487.662	0.029	1.066	1.041	0.103	-0.051	23670.563	-1.099
6663.071	23.029	72.095	411.466	476.274	0.019	0.808	0.782	0.074	-0.051	20053.133	-1.376
6664.071	23.178	70.156	385.735	466.004	0.013	0.633	0.612	0.052	-0.050	17353.837	-1.476
6665.071	23.246	68.845	363.339	456.310	0.008	0.515	0.494	0.039	-0.051	15275.032	-1.599
6666.071	23.315	67.791	344.933	446.694	0.005	0.430	0.408	0.029	-0.051	13619.637	-1.626
6667.071	23.466	67.095	328.090	438.311	0.003	0.365	0.345	0.020	-0.051	12321.804	-1.701
6668.071	23.639	66.541	313.786	430.229	0.001	0.316	0.294	0.016	-0.051	11472.228	-1.727
6669.071	23.740	66.095	300.416	422.541	-0.000	0.278	0.256	0.011	-0.051	10646.562	-1.653
6670.071	23.870	65.774	288.863	415.690	-0.000	0.249	0.224	0.007	-0.051	9767.882	-1.581
6671.071	24.025	65.470	278.559	409.188	-0.000	0.225	0.201	0.004	-0.051	9016.508	-1.798
6672.071	24.088	65.211	269.362	402.177	-0.000	0.205	0.181	0.002	-0.050	8366.928	-1.774
